"_rank",user
1,atarlton
1,aree
1,ajudah
1,aalldredge
1,aklenk
1,apenna
1,avanpelt
1,ahebert
1,amuirhead
1,afredericksen
1,acutsforth
1,abrightwell
1,acoombe
1,aprill
1,alachance
1,adeininger
1,atakahashi
1,ahamblin
1,aschmitmeyer
1,akoeppel
1,asim
1,avandemark
1,aboose
1,afortson
1,alanger
1,afleischmann
1,avesely
1,abowen
1,atolman
1,amilnes
1,ahellman
1,aosterhout
1,anorberg
1,aboler
1,ageddes
1,aemmanuel
1,adewitt
1,aduggins
1,abonhomme
1,anolen
1,aaugustin
1,akincheloe
1,btrantham
1,bmassie
1,bjilek
1,bmuff
1,balix
1,bsamons
1,bmennella
1,bcrippen
1,bschechter
1,bosterhout
1,bvaldez
1,blarabee
1,brye
1,bkushner
1,bconger
1,btripp
1,bmaggio
1,botter
1,bpappas
1,chamblin
1,cgeddes
1,cfeltmann
1,cpappas
1,cbourque
1,cklenk
1,chank
1,cmore
1,cstallcup
1,csummey
1,cnolen
1,cburris
1,cturmelle
1,ccasaus
1,cleo
1,chadden
1,cromriell
1,cburgard
1,cprill
1,criding
1,calter
1,cmcglothin
1,cpresley
1,cmasuda
1,cgarrow
1,cweaver
1,cburtenshaw
1,cslick
1,dsaulters
1,djudah
1,dmore
1,dfeddersen
1,dboler
1,dsamons
1,dfortson
1,dcastille
1,djilek
1,dallaire
1,dsuder
1,dweekley
1,dfaria
1,dallinder
1,dstraus
1,dkirwin
1,dgrace
1,dstanger
1,dcutsforth
1,dtolman
1,dweaver
1,ddegregorio
1,driding
1,dmilnes
1,ddamm
1,dharlow
1,ddewitt
1,dphilippe
1,emikkelsen
1,earnott
1,enida
1,ealix
1,epyle
1,etaggert
1,efortson
1,eruddell
1,ecastiglione
1,elimbaugh
1,esibley
1,elivesay
1,ehagstrom
1,etruehart
1,eeckard
1,elovelady
1,esummey
1,efolkes
1,eculwell
1,eweisman
1,eengelmann
1,eorange
1,eellett
1,ecutsforth
1,eblough
1,fdouglas
1,ftramble
1,fcolwell
1,fobert
1,ftaylor
1,fendsley
1,ftarlton
1,fkirwin
1,fjerman
1,fmeighan
1,gtripp
1,gbrasil
1,gelston
1,gkirwin
1,grasco
1,grunk
1,gchristian
1,gbowen
1,ghamblin
1,gfines
1,gburgard
1,gmuirhead
1,gjilek
1,gschechter
1,gzarate
1,ghorsey
1,hkohls
1,hotter
1,hheston
1,hshoemake
1,hruddell
1,hburtenshaw
1,hhadden
1,hcranmer
1,hlepe
1,halthaus
1,hrathjen
1,halter
1,hleveille
1,hcrooks
1,ipartlow
1,iotter
1,iprill
1,istallcup
1,iantonelli
1,iweisel
1,ifeder
1,jweisman
1,jleveille
1,jchristian
1,jmccann
1,jjerman
1,jgrace
1,jwitherington
1,jduffin
1,jjenny
1,jbettis
1,jwillingham
1,jalix
1,jgadbois
1,jmassie
1,jtolman
1,jswinney
1,jhensley
1,jhorsey
1,jgrainger
1,jmerino
1,jfincham
1,jtripp
1,jroff
1,jcravey
1,jyamauchi
1,jgurney
1,jcartagena
1,jcolorado
1,jletchworth
1,jmathers
1,jbernett
1,jbrandon
1,jappleberry
1,klowther
1,kfines
1,karnott
1,kkemmer
1,kstanger
1,ktaylor
1,kcrays
1,khillary
1,kcanon
1,kalix
1,keisele
1,kriding
1,kturman
1,kmcglothin
1,kleight
1,ltrantham
1,lhelt
1,llandreth
1,lfines
1,lleo
1,lsummey
1,lgadbois
1,lriley
1,llytle
1,lpyle
1,lmorse
1,ltarlton
1,lhamlet
1,lstanger
1,lmarmo
1,llivesay
1,lfarfan
1,lhoyte
1,leckman
1,leifert
1,lburtenshaw
1,losterhout
1,lcravey
1,lashurst
1,lkeifer
1,lwickman
1,lbonhomme
1,lcartagena
1,larena
1,lzack
1,lblansett
1,lvalle
1,lcolwell
1,lbrightwell
1,lfaria
1,lpresley
1,lwitherington
1,lalix
1,lboose
1,laugustin
1,lchurchill
1,lromanowski
1,lwinburn
1,lswinney
1,lsibley
1,lflanary
1,lrudd
1,mbrehmer
1,mrudd
1,mbrightwell
1,masselin
1,mboler
1,mtaylor
1,mstefan
1,mmagda
1,mmikkelsen
1,mheston
1,mfeltmann
1,mdewitt
1,mbrandon
1,mcrippen
1,myamauchi
1,mrakow
1,mconger
1,mschechter
1,mcasaus
1,mfaria
1,marnott
1,mpresley
1,mwoody
1,mgrossi
1,mschindler
1,mdisher
1,mtripp
1,mrasco
1,mdales
1,mhumber
1,mnail
1,mwillingham
1,nzack
1,nhellman
1,ncastille
1,nalix
1,nmader
1,nhockman
1,nbrightwell
1,nstallcup
1,ncadieux
1,oflanary
1,okeleher
1,oschult
1,ohumber
1,pbalis
1,pphilippe
1,pnail
1,prunk
1,pmccarville
1,pweisman
1,pvanpelt
1,pselman
1,phaberkorn
1,pjilek
1,qhadden
1,qmullinax
1,rlevron
1,rburgard
1,rlytle
1,rtolman
1,rdeininger
1,rahlgren
1,reisele
1,rmoore
1,rhebert
1,rhamlet
1,reckard
1,rfolkes
1,rrandolph
1,rschmitmeyer
1,rrinke
1,rvandemark
1,rhorsey
1,rhagstrom
1,rfarfan
1,rmaggio
1,rmetayer
1,reven
1,rphilippe
1,rarenas
1,sburtenshaw
1,scalbert
1,smcgarity
1,svesely
1,swinburn
1,shamblin
1,sravelo
1,sragland
1,sheston
1,seaker
1,sfeeney
1,smathers
1,sjacobi
1,scartagena
1,smuff
1,sturman
1,sromanowski
1,sjenny
1,slewellen
1,sschuelke
1,sgrace
1,scoombe
1,slimones
1,shebert
1,slevron
1,slemasters
1,slachance
1,scutsforth
1,tletchworth
1,tangers
1,tlisowski
1,tboros
1,troessler
1,tcolorado
1,tcartagena
1,tfincham
1,tmagda
1,tdegregorio
1,tsamayoa
1,tdenham
1,tvandemark
1,tmerino
1,tleo
1,tfaria
1,tmeighan
1,tschuelke
1,tcarboni
1,tcrooks
1,tcolwell
1,ustanger
1,vzarate
1,vkeifer
1,vlachance
1,vhank
1,vmcgarity
1,vkohls
1,vnelms
1,vashurst
1,vlimbaugh
1,wbowen
1,wcrippen
1,wfleischmann
1,walix
1,walter
1,wmiddlebrook
1,wleight
1,wkeleher
1,ytarlton
1,yhorsey
1,ydeininger
1,ymable
1,yvendetti
1,ymassie
1,zbartolo
1,zbrehmer
1,aleo
1,amagda
1,acravey
1,avalencia
1,azaldivar
1,asamons
1,arathjen
1,apyle
1,amccann
1,afeltmann
1,amartina
1,alivesay
1,anail
1,adarsey
1,ahank
1,abrasil
1,alandreth
1,areser
1,awickman
1,aappleberry
1,awitherington
1,adenham
1,aobert
1,achristian
1,atrantham
1,agrace
1,abettis
1,aveitch
1,acheeks
1,amalave
1,atiemann
1,amader
1,ataylor
1,afines
1,aeckard
1,afurlow
1,aculwell
1,alowther
1,aellett
1,aorange
1,aeberhard
1,agarrow
1,ahadden
1,bjett
1,blisowski
1,bappleberry
1,bburris
1,bnida
1,balldredge
1,bmcgarity
1,bellett
1,bkincheloe
1,bisaacs
1,bcheeks
1,bjudah
1,bburell
1,bhagstrom
1,bfolkes
1,bfrierson
1,bromanowski
1,bdegregorio
1,bblansett
1,bpenna
1,cmartina
1,cmetayer
1,ctaylor
1,ccrippen
1,cfurlow
1,cbearce
1,cschmitmeyer
1,climones
1,cgurney
1,cleveille
1,cmader
1,chorsey
1,crye
1,cshoemake
1,clenihan
1,cnida
1,cvaldez
1,cburell
1,cmathers
1,cvendetti
1,ceisele
1,chillary
1,ckohls
1,clovelady
1,cgalyon
1,cjerman
1,carenas
1,cvalle
1,calthaus
1,cappleberry
1,cpyle
1,cgirard
1,cmccann
1,ccastille
1,cmuff
1,clachance
1,ckoeppel
1,dlovelady
1,dstallcup
1,dsegura
1,dpartlow
1,druddell
1,dduggins
1,dbarrette
1,dzarate
1,dantonelli
1,dnida
1,dvandemark
1,dree
1,dcadieux
1,dmcgarity
1,dhendrick
1,dvesely
1,dalbin
1,dkeifer
1,dsibley
1,dselman
1,dhebert
1,dmarcoux
1,dmuff
1,dlimones
1,dvalle
1,dbettis
1,dcanon
1,dtarlton
1,drinke
1,dhaston
1,dhaberkorn
1,esamayoa
1,elisowski
1,ejasik
1,ehajduk
1,eklenk
1,eschechter
1,esamons
1,ecartagena
1,evercher
1,earenas
1,eree
1,eburtenshaw
1,econnelly
1,ealbin
1,easchenbrenner
1,emetayer
1,ewinburn
1,ebettis
1,ebartolo
1,enail
1,eweisel
1,ejenny
1,ealthaus
1,eriley
1,emoore
1,eblansett
1,etripp
1,etiemann
1,erathjen
1,efredericksen
1,eboose
1,feven
1,fsibley
1,fgurney
1,fweekley
1,fcrippen
1,fsummey
1,fhellman
1,fbalis
1,ffines
1,fates
1,fgrainger
1,glimbaugh
1,gpappas
1,gculwell
1,galbin
1,gfrierson
1,gjacobi
1,gyamauchi
1,gkeifer
1,garcher
1,glachance
1,gschindler
1,glafond
1,gboose
1,gbettis
1,gates
1,gosterhout
1,glocker
1,glepe
1,gturmelle
1,gthaler
1,hroff
1,hlamp
1,hdurkin
1,hschult
1,hcravey
1,hlisowski
1,hbonhomme
1,hthroop
1,hallinder
1,hhellman
1,hschuelke
1,hpenna
1,hmalave
1,hwitherington
1,hjasik
1,iblansett
1,irandolph
1,iklenk
1,ileo
1,isegura
1,imerino
1,itramble
1,imassie
1,iragland
1,ihagstrom
1,ibourque
1,ihinderliter
1,jlepe
1,jgrossi
1,jvercher
1,jnida
1,jbalis
1,jhaberkorn
1,jrenard
1,johair
1,jarnott
1,jbarrette
1,jmarra
1,jschechter
1,jlocker
1,jhagstrom
1,jstraus
1,jwinburn
1,jtarlton
1,jlock
1,jstanger
1,jfleischmann
1,jvalencia
1,jharrop
1,jcranmer
1,jsamons
1,jmasuda
1,jcrippen
1,jlamp
1,jdenham
1,jisaacs
1,jfarone
1,jquach
1,jnorberg
1,jheston
1,jdisher
1,jweekley
1,jfredericksen
1,joster
1,kfaria
1,kjett
1,kfredericksen
1,kschult
1,kagar
1,klaakso
1,kzaldivar
1,kcrooks
1,kbartolo
1,kengelmann
1,kfortson
1,kmagda
1,khendrick
1,kmccann
1,kmuff
1,lragland
1,lpartlow
1,lmangano
1,lcanon
1,lhellman
1,lendsley
1,llock
1,lrandolph
1,lmaggio
1,lleight
1,lfeder
1,lorange
1,lreser
1,lelston
1,leven
1,lsim
1,lwoody
1,lcastille
1,lharrop
1,lmagda
1,lrathjen
1,laschenbrenner
1,lyamauchi
1,lfurlow
1,ldales
1,ltiemann
1,lhaberkorn
1,lbartolo
1,lrye
1,lpappas
1,lcoombe
1,leaker
1,lklenk
1,lwhitford
1,lfleischmann
1,lcichon
1,lcolorado
1,lthaler
1,llaakso
1,lhensley
1,lshibata
1,lstallcup
1,llowther
1,llepe
1,lallaire
1,mjudah
1,mmorse
1,mflanary
1,mweaver
1,mjenny
1,mfleischmann
1,mbearce
1,meberhard
1,mrenard
1,mwhitford
1,mburris
1,mobert
1,mfruchter
1,mcastille
1,mphilippe
1,mlocker
1,mturmelle
1,mlimones
1,mshoemake
1,msedberry
1,mvalencia
1,mkeleher
1,mromanowski
1,mappleberry
1,mhadden
1,marenas
1,mstanger
1,mzarate
1,mconnelly
1,meckard
1,mcheeks
1,mjanda
1,mdegregorio
1,mravelo
1,mmilnes
1,mruddell
1,ntakahashi
1,norange
1,ncolwell
1,nbalis
1,neaker
1,nriley
1,nhaberkorn
1,nleo
1,nweisel
1,nduffin
1,nkerr
1,nmarmo
1,njacobi
1,ogirard
1,ostanger
1,orandolph
1,olaakso
1,obrehmer
1,ptakahashi
1,pagar
1,ppartlow
1,pschult
1,pbernett
1,phellman
1,pvalle
1,pnorberg
1,pdunagan
1,pthaler
1,pmilnes
1,pjacobi
1,prinke
1,pharlow
1,pboler
1,qkerr
1,qboler
1,rhellman
1,rkincheloe
1,rpresley
1,ryamauchi
1,rfarone
1,rramos
1,rtruehart
1,rbernett
1,rboler
1,rschindler
1,rburell
1,rbarrette
1,rpappas
1,rmcgarity
1,rbartolo
1,rmaynard
1,rflanary
1,raugustin
1,rharrop
1,rboros
1,rfruchter
1,rantonelli
1,rweekley
1,rcastille
1,rlowther
1,rriding
1,rwitherington
1,stipping
1,seifert
1,sosterhout
1,sweekley
1,sdecato
1,sklenk
1,sduggins
1,smarmo
1,shinderliter
1,sshibata
1,sbourque
1,slarabee
1,seisele
1,sdegregorio
1,sgeddes
1,scason
1,sbonhomme
1,snorberg
1,spappas
1,smccarville
1,sarnott
1,sdewitt
1,shellman
1,sriley
1,scheeks
1,ssedberry
1,slovelady
1,sates
1,salldredge
1,sahlgren
1,skoeppel
1,stakahashi
1,ssibley
1,sbernabe
1,skisner
1,sschechter
1,tgrace
1,tchurchill
1,tvercher
1,tstallcup
1,teifert
1,thensley
1,tconger
1,temmanuel
1,tmccarville
1,tjenny
1,thumber
1,tmasuda
1,tlaakso
1,tburris
1,ttiemann
1,tjasik
1,tbernabe
1,tpyle
1,ttolman
1,tgrossi
1,tmore
1,ulewellen
1,ueisele
1,vveitch
1,vjanda
1,vdeininger
1,vobert
1,vlovelady
1,valbin
1,valter
1,vjenny
1,vdewitt
1,wfruchter
1,wkirwin
1,wfeeney
1,wvandemark
1,warnott
1,wbettis
1,wriding
1,wfolkes
1,wphilippe
1,wfredericksen
1,wmasuda
1,ycartagena
1,yhelt
1,ymuff
1,ysaulters
1,yvalencia
1,yburson
1,zlepe
1,zalter
1,ahaston
1,alocker
1,ajenny
1,aalthaus
1,aarnott
1,aahlgren
1,athaler
1,acranmer
1,aturmelle
1,aates
1,ahodo
1,achurchill
1,adegregorio
1,afeeney
1,aohair
1,amathers
1,aboros
1,amiddlebrook
1,afrierson
1,aquach
1,aconnelly
1,aasselin
1,adelatorre
1,ascheerer
1,aturman
1,afruchter
1,asegura
1,adales
1,abarden
1,ajacobi
1,acanon
1,amable
1,aschuelke
1,asaulters
1,ahumber
1,bmore
1,bklenk
1,beckman
1,bveitch
1,baugustin
1,bmccarville
1,bbernett
1,beberhard
1,btaylor
1,bmetayer
1,bschindler
1,bgadbois
1,bmalave
1,blocker
1,bmaynard
1,bnail
1,bduggins
1,bhockman
1,cweekley
1,clandreth
1,cdales
1,ccrooks
1,cbellows
1,carena
1,cragland
1,cvercher
1,ccason
1,cmarcoux
1,ccastiglione
1,ctaggert
1,cquach
1,cduffin
1,ckincheloe
1,criley
1,cfarone
1,ceckman
1,cstraus
1,coliver
1,ctrantham
1,cellett
1,cwitherington
1,czack
1,cjilek
1,cbrehmer
1,cgrace
1,clamp
1,callinder
1,csedberry
1,ckeleher
1,cletchworth
1,dmaynard
1,dfeltmann
1,dboros
1,dmcglothin
1,dmangano
1,dhoyte
1,dthaler
1,dbalis
1,djacobi
1,dtakahashi
1,dbowen
1,darena
1,dendsley
1,drathjen
1,dkisner
1,dfeder
1,dweisel
1,dreser
1,dtrepanier
1,dmader
1,deckard
1,dnelms
1,dmerino
1,dschult
1,dburtenshaw
1,dmetayer
1,ezaldivar
1,evendetti
1,ecravey
1,elanger
1,ecichon
1,ezack
1,ehoyte
1,ereeb
1,edales
1,ebernett
1,ecastille
1,emorse
1,eprill
1,esegura
1,eerikson
1,efeeney
1,ebreen
1,ephilippe
1,ekemmer
1,etipping
1,ebrandon
1,ebrothers
1,eburson
1,ehocker
1,ekeleher
1,eallinder
1,ebearce
1,efeddersen
1,elevron
1,fvalle
1,fhodo
1,flocker
1,fosterhout
1,fscheerer
1,ftipping
1,fmorse
1,fbearce
1,flivesay
1,fhamlet
1,fmennella
1,gsibley
1,gsaulters
1,gtrepanier
1,ghagstrom
1,ggrossi
1,gsamons
1,gvalencia
1,gragland
1,gdeitch
1,gdamm
1,glisowski
1,gmagda
1,gbrandon
1,gpyle
1,gmaggio
1,gletchworth
1,glevron
1,ggurney
1,hhelt
1,hallaire
1,hgadbois
1,hblansett
1,hlenihan
1,hbearce
1,hhockman
1,hromriell
1,hkoeppel
1,hfleischmann
1,hbellows
1,hgeddes
1,hfeder
1,heven
1,inorberg
1,ifolkes
1,icutsforth
1,iculwell
1,iconger
1,irye
1,iwoody
1,idenham
1,imccarville
1,ijasik
1,imaggio
1,icoombe
1,jmore
1,jweisel
1,jdewitt
1,jerikson
1,jthaler
1,jconger
1,jburell
1,jhumber
1,jcutsforth
1,jmuff
1,jdecato
1,jtruehart
1,jroessler
1,jcalbert
1,jgalyon
1,jeberhard
1,jkeleher
1,jpenna
1,jtramble
1,jzarate
1,jboros
1,jmikkelsen
1,jstallcup
1,jmorse
1,jhelt
1,jphilippe
1,jbearce
1,jtipping
1,jriley
1,jbrothers
1,jcanon
1,jasselin
1,jselman
1,jmoore
1,jvanpelt
1,kcalbert
1,kmilnes
1,kruddell
1,kletchworth
1,kpyle
1,kwhitford
1,kmetayer
1,kelston
1,kahlgren
1,kduffin
1,kburgard
1,khadden
1,kravelo
1,kemmanuel
1,kjenny
1,lgalyon
1,ltolman
1,lrinke
1,lhank
1,lbourque
1,ldenham
1,lconger
1,lvandemark
1,lconnelly
1,lphilippe
1,lzaldivar
1,lkincheloe
1,lvanpelt
1,lobert
1,lbellows
1,lslick
1,lquach
1,ldunagan
1,lhaston
1,lvaldez
1,leisele
1,langers
1,lgrace
1,lmore
1,lbrantner
1,lveitch
1,lsegura
1,lbrothers
1,ldisher
1,llewellen
1,llafond
1,lbrandon
1,lcalbert
1,lburson
1,lsamayoa
1,mboros
1,mcalbert
1,mbellows
1,mmangano
1,mcarboni
1,mcravey
1,mmartina
1,mveitch
1,mlytle
1,mdarsey
1,mletchworth
1,mhinderliter
1,mburell
1,meaker
1,mlevron
1,mbalis
1,mcanon
1,mvandemark
1,msegura
1,mhoyte
1,mroessler
1,mfortson
1,mkeifer
1,mkerr
1,mharlow
1,mbettis
1,mashurst
1,mklenk
1,mscheerer
1,mhamlet
1,mree
1,mdunagan
1,mburtenshaw
1,mlivesay
1,morona
1,mhajduk
1,nheston
1,nvaldez
1,nnelms
1,nburgard
1,nruddell
1,nlewellen
1,nkoeppel
1,nvanpelt
1,nsibley
1,nsedberry
1,nzaldivar
1,ofarone
1,oendsley
1,omangano
1,openna
1,oslick
1,pfarfan
1,plocker
1,pturman
1,pdurkin
1,pvendetti
1,pconger
1,pobert
1,pslick
1,pkerr
1,pfurlow
1,pchristian
1,pgeddes
1,proff
1,pyamauchi
1,qroessler
1,qdegregorio
1,rklenk
1,rmcgranahan
1,rgeddes
1,rrathjen
1,rohair
1,rhendrick
1,rarcher
1,roliver
1,rmarra
1,rbrightwell
1,rappleberry
1,rlenihan
1,rjasik
1,rdarsey
1,rsegura
1,rragland
1,rgirard
1,rwoody
1,reaker
1,rasselin
1,rvesely
1,rdurkin
1,rhajduk
1,rtipping
1,rfleischmann
1,rmorse
1,rroessler
1,rprill
1,rnelms
1,scasaus
1,sharrop
1,smeighan
1,sdarsey
1,syamauchi
1,sletchworth
1,sbowen
1,szarate
1,sbellows
1,slieber
1,sappleberry
1,sengelmann
1,sjudah
1,sstanger
1,scolwell
1,srudd
1,smaggio
1,svalle
1,sdisher
1,slock
1,sduffin
1,smangano
1,starlton
1,svanpelt
1,sdelatorre
1,smartina
1,soster
1,srathjen
1,sramos
1,scolorado
1,srasco
1,skeifer
1,sorona
1,sbrasil
1,squach
1,ssuder
1,teckman
1,ttakahashi
1,tmullinax
1,tsibley
1,tromanowski
1,tlemasters
1,tpapadopoulos
1,tnorberg
1,twoody
1,tmarcoux
1,tbellows
1,ttripp
1,thorsey
1,tturman
1,tmcglothin
1,tthroop
1,tfruchter
1,uleight
1,uriley
1,vcrippen
1,vthaler
1,vsuder
1,vkeleher
1,vscheerer
1,vzack
1,vtrepanier
1,vconnelly
1,wmccarville
1,wjanda
1,whinderliter
1,wmcgranahan
1,wravelo
1,wburgard
1,wisaacs
1,wculwell
1,wnolen
1,wcastiglione
1,ytiemann
1,ykoeppel
1,ygrace
1,ydecato
1,yburell
1,zriley
1,zalix
1,agirard
1,aromriell
1,aburris
1,aoster
1,agurney
1,acrippen
1,arosebrook
1,aduffin
1,amcglothin
1,apapadopoulos
1,ahillary
1,agrainger
1,aashurst
1,amullinax
1,ahockman
1,aarcher
1,arakow
1,asibley
1,arunk
1,aswinney
1,atripp
1,afung
1,ahelt
1,amcgarity
1,aisaacs
1,acrays
1,apappas
1,arenard
1,aschult
1,alisowski
1,aleight
1,agrossi
1,aarenas
1,bdewitt
1,bjenny
1,blandreth
1,bwickman
1,bpapadopoulos
1,bobert
1,blewellen
1,bcichon
1,bbonhomme
1,bvendetti
1,bhadden
1,bbalis
1,bfruchter
1,bbrandon
1,bcranmer
1,bjasik
1,bboros
1,bweaver
1,cates
1,ccranmer
1,cashurst
1,crathjen
1,cvalencia
1,corona
1,cobert
1,ckroenke
1,casselin
1,chendrick
1,cwickman
1,cmaynard
1,cbrightwell
1,cburson
1,calbin
1,cromanowski
1,cscheerer
1,cthroop
1,ckisner
1,cchristian
1,cshibata
1,cfarfan
1,chumber
1,cbreen
1,ccrays
1,cvandemark
1,chelt
1,cguilbert
1,cbernabe
1,dohair
1,daugustin
1,dhelt
1,dsummey
1,deberhard
1,dreeb
1,dshoemake
1,dflanary
1,dcrippen
1,dcichon
1,djanda
1,dbernett
1,dalthaus
1,djasik
1,dwickman
1,dschuelke
1,dbourque
1,dyamauchi
1,dleveille
1,dagar
1,dlenihan
1,dfines
1,deckman
1,dstefan
1,dscheerer
1,dlewellen
1,ecason
1,emcgarity
1,egurney
1,egadbois
1,eheston
1,eendsley
1,erandolph
1,eelston
1,eohair
1,egrossi
1,evaldez
1,emccarville
1,emennella
1,ebarrette
1,emerino
1,eflanary
1,eramos
1,eleight
1,ehebert
1,efurlow
1,eburell
1,emarra
1,eslick
1,echeeks
1,eromanowski
1,eeisele
1,elowther
1,ebalis
1,fheston
1,fhorsey
1,fmccarville
1,fthaler
1,fmccann
1,fletchworth
1,flevron
1,feaker
1,fkemmer
1,flowther
1,glanger
1,gweisman
1,gdouglas
1,gbourque
1,gmccarville
1,gfeeney
1,gtakahashi
1,gcarboni
1,gfleischmann
1,gtrantham
1,gleveille
1,gboler
1,glandreth
1,gfaria
1,gkushner
1,gmalave
1,geaker
1,glenihan
1,gweisel
1,hohair
1,hmaynard
1,hwoody
1,hjenny
1,hhorsey
1,hdeininger
1,hjanda
1,hduffin
1,hlaakso
1,hkeleher
1,ideitch
1,iburgard
1,ireser
1,ibernabe
1,itakahashi
1,ipenna
1,ikisner
1,itrepanier
1,ifines
1,ilivesay
1,iallinder
1,jhellman
1,jrosebrook
1,jturmelle
1,jarcher
1,jjudah
1,jschuelke
1,jsummey
1,jfarfan
1,jgipe
1,jmccarville
1,jorona
1,jlivesay
1,jdunagan
1,jhockman
1,jmcgranahan
1,jahlgren
1,jaschenbrenner
1,jstefan
1,jrandolph
1,jduggins
1,jburgard
1,jshibata
1,jkemmer
1,jlewellen
1,jpartlow
1,jhank
1,jdurkin
1,jcoombe
1,ksim
1,khorsey
1,kpresley
1,kboler
1,kappleberry
1,kturmelle
1,kdeitch
1,klovelady
1,kbrasil
1,kjerman
1,knida
1,kscheerer
1,kburtenshaw
1,lmcglothin
1,ltruehart
1,lduffin
1,ljasik
1,lfredericksen
1,lellett
1,lcrippen
1,lthroop
1,lriding
1,lfolkes
1,lromriell
1,lrunk
1,lbernabe
1,lsaulters
1,lfruchter
1,lalthaus
1,lbearce
1,lhorsey
1,lfincham
1,lbowen
1,ldeitch
1,lboros
1,lcadieux
1,lsedberry
1,ljacobi
1,lhinderliter
1,lkushner
1,lkisner
1,lasselin
1,lschindler
1,lmcgranahan
1,ltakahashi
1,lotter
1,mjilek
1,mragland
1,mschuelke
1,mrathjen
1,malbin
1,mpapadopoulos
1,mmennella
1,mbernett
1,mlimbaugh
1,mnorberg
1,mthroop
1,mkohls
1,mmuff
1,mhaston
1,mlaakso
1,mmarmo
1,mbonhomme
1,morange
1,mdeininger
1,mpartlow
1,mkemmer
1,mfung
1,maschenbrenner
1,mramos
1,mtwomey
1,mschult
1,mhendrick
1,mmiddlebrook
1,nleveille
1,nbellows
1,ntaylor
1,ndecato
1,nkemmer
1,nrudd
1,njett
1,ndegregorio
1,nthroop
1,nmassie
1,nromanowski
1,nmathers
1,nosterhout
1,omader
1,oriding
1,oappleberry
1,oorange
1,ootter
1,prandolph
1,ptiemann
1,peaker
1,pboose
1,pmarcoux
1,plimbaugh
1,phadden
1,ptrantham
1,pzaldivar
1,ptramble
1,pblansett
1,pkushner
1,pmore
1,plandreth
1,qhumber
1,qellett
1,rsamayoa
1,rswinney
1,ralix
1,rlivesay
1,rkushner
1,rbrantner
1,rjudah
1,rfaria
1,rlachance
1,rfurlow
1,rhoyte
1,rmiddlebrook
1,raschenbrenner
1,rcoombe
1,rburris
1,rharlow
1,rwinburn
1,rscheerer
1,rjilek
1,rjenny
1,rconnelly
1,rpartlow
1,rvalle
1,rmuff
1,ssegura
1,scranmer
1,shensley
1,semmanuel
1,slaakso
1,skushner
1,sphilippe
1,sleight
1,smullinax
1,ssummey
1,sarenas
1,scrays
1,sjilek
1,sfeder
1,strepanier
1,ssamayoa
1,slamp
1,sbrehmer
1,sthaler
1,spartlow
1,sfincham
1,sdales
1,scravey
1,slivesay
1,sveitch
1,sguilbert
1,santonelli
1,smetayer
1,shaberkorn
1,seckman
1,sblansett
1,skeleher
1,schurchill
1,sjerman
1,tbrasil
1,tburson
1,trasco
1,tkemmer
1,torona
1,tasselin
1,tmangano
1,tellett
1,tfrierson
1,tnolen
1,tlieber
1,tshibata
1,tmennella
1,tmarmo
1,tsegura
1,tfeeney
1,talix
1,tdecato
1,tschmitmeyer
1,taugustin
1,tmetayer
1,ustraus
1,umennella
1,vmiddlebrook
1,vorange
1,vselman
1,vstraus
1,vwitherington
1,voster
1,vdisher
1,vschindler
1,wjudah
1,wschmitmeyer
1,wfines
1,waugustin
1,wschult
1,wcason
1,wsibley
1,wcadieux
1,wahlgren
1,wfurlow
1,yweekley
1,yheston
1,yrye
1,yburgard
1,yfeltmann
1,yriley
1,zgadbois
1,zpresley
1,aalbin
1,aroessler
1,abernett
1,aotter
1,amccarville
1,apartlow
1,areeb
1,atipping
1,ashibata
1,atramble
1,arinke
1,aslick
1,ajilek
1,ariley
1,abreen
1,arasco
1,awhitford
1,alieber
1,acalbert
1,aallinder
1,abearce
1,awinburn
1,aaschenbrenner
1,akeleher
1,acadieux
1,aorona
1,ablough
1,avercher
1,aroff
1,aeifert
1,avaldez
1,athroop
1,abalis
1,aharrop
1,afeddersen
1,acarboni
1,bdisher
1,bfarone
1,bkohls
1,bhelt
1,beaker
1,bzarate
1,bbowen
1,bsuder
1,blytle
1,bwinburn
1,bmerino
1,beven
1,bhamblin
1,bfines
1,bsegura
1,bmartina
1,bruddell
1,bcadieux
1,cdamm
1,ccanon
1,cbarrette
1,cjett
1,charrop
1,cmangano
1,crinke
1,cmable
1,cjudah
1,clisowski
1,cbrantner
1,ckushner
1,cfeder
1,crunk
1,cfines
1,cselman
1,cmikkelsen
1,coster
1,cbowen
1,crenard
1,ctramble
1,cmalave
1,ctakahashi
1,dmarmo
1,dravelo
1,dcolwell
1,dblansett
1,dcheeks
1,dlowther
1,dhillary
1,dhank
1,dlytle
1,dosterhout
1,demmanuel
1,dzack
1,dlanger
1,dtramble
1,dlandreth
1,dmennella
1,dmathers
1,dconnelly
1,dsedberry
1,doliver
1,dobert
1,emccann
1,emalave
1,ebowen
1,efung
1,ehendrick
1,ecrays
1,efarfan
1,eriddle
1,ehamblin
1,ehockman
1,etaylor
1,ekohls
1,elamp
1,ehumber
1,esuder
1,eturmelle
1,etarlton
1,ekroenke
1,emore
1,eduffin
1,emeighan
1,efleischmann
1,edenham
1,elandreth
1,ebarden
1,evanpelt
1,eoster
1,fmerino
1,fswinney
1,fmore
1,farena
1,fsamayoa
1,flafond
1,frosebrook
1,fgirard
1,fwitherington
1,flock
1,fasselin
1,gbrantner
1,gmikkelsen
1,greser
1,gnelms
1,gkerr
1,gvendetti
1,gmore
1,gthroop
1,gdecato
1,gstanger
1,gmorse
1,gmcgranahan
1,gfarone
1,gcrippen
1,gkohls
1,hhajduk
1,hromanowski
1,hlock
1,haschenbrenner
1,hlachance
1,htakahashi
1,hmuff
1,hcichon
1,hharlow
1,hengelmann
1,horona
1,iwickman
1,idunagan
1,isummey
1,itipping
1,ilock
1,iburson
1,iyamauchi
1,igarrow
1,ihank
1,ivalencia
1,jarenas
1,jboler
1,jmalave
1,jorange
1,jmullinax
1,jvalle
1,jmuirhead
1,jrathjen
1,jcheeks
1,jtaylor
1,jriding
1,jleight
1,jmaggio
1,jjett
1,jveitch
1,jjacobi
1,jlachance
1,jhendrick
1,jslick
1,jmader
1,jreeb
1,jeckard
1,jreser
1,jhebert
1,jfaria
1,jbartolo
1,jbellows
1,jfeltmann
1,jcolwell
1,jbrasil
1,jriddle
1,kfeltmann
1,khamblin
1,klepe
1,kisaacs
1,krathjen
1,kgipe
1,khensley
1,ktruehart
1,knelms
1,karenas
1,kselman
1,kbreen
1,kmangano
1,klafond
1,kdurkin
1,lappleberry
1,lheston
1,lkeleher
1,lmennella
1,llimbaugh
1,larnott
1,lchristian
1,lkirwin
1,ltaylor
1,lnorberg
1,lharlow
1,lmable
1,lgirard
1,lgurney
1,lhockman
1,lscheerer
1,lnail
1,ldecato
1,lroff
1,lmuff
1,lcasaus
1,mschmitmeyer
1,mkincheloe
1,mvesely
1,mvercher
1,mbowen
1,mcastiglione
1,mwinburn
1,mromriell
1,mjerman
1,msibley
1,mmalave
1,mmuirhead
1,mrye
1,mpappas
1,mantonelli
1,mstraus
1,mcranmer
1,msaulters
1,msamayoa
1,mallinder
1,mjacobi
1,mhocker
1,mcoombe
1,meckman
1,mkushner
1,mtarlton
1,nlafond
1,nboler
1,nappleberry
1,npapadopoulos
1,nmccarville
1,nalldredge
1,nlivesay
1,ndarsey
1,nmuirhead
1,nlenihan
1,nkirwin
1,oantonelli
1,oeisele
1,ofredericksen
1,odisher
1,omathers
1,pvandemark
1,pmerino
1,pharrop
1,pcrooks
1,ppappas
1,phoyte
1,pbartolo
1,pcolwell
1,pmalave
1,pbearce
1,pleo
1,qculwell
1,qburson
1,rcheeks
1,rcolwell
1,rengelmann
1,rhodo
1,rweisel
1,rjanda
1,rduggins
1,rdenham
1,roster
1,rkroenke
1,rangers
1,rlisowski
1,rtramble
1,rbrandon
1,rgrossi
1,rhinderliter
1,rselman
1,rnail
1,rstefan
1,rturmelle
1,rmathers
1,rblansett
1,rlafond
1,rfincham
1,rduffin
1,rgurney
1,rcanon
1,srandolph
1,slisowski
1,serikson
1,sselman
1,skroenke
1,sgrainger
1,seckard
1,smorse
1,sbrandon
1,sstraus
1,scrooks
1,sdurkin
1,spresley
1,skincheloe
1,sweaver
1,sflanary
1,salter
1,sfaria
1,slenihan
1,sstallcup
1,scastille
1,schristian
1,sdenham
1,scrippen
1,slafond
1,sharlow
1,sangers
1,stiemann
1,sellett
1,smarra
1,tslick
1,ttipping
1,tcichon
1,twitherington
1,tlytle
1,thockman
1,thoyte
1,tfines
1,tcastiglione
1,tcrays
1,teberhard
1,tzaldivar
1,ttruehart
1,tjudah
1,tflanary
1,tjanda
1,tcastille
1,totter
1,tvaldez
1,utarlton
1,uconger
1,vhorsey
1,vfleischmann
1,vrandolph
1,vhaberkorn
1,vmcglothin
1,vmuirhead
1,vmathers
1,vlanger
1,wlarabee
1,wkemmer
1,wlovelady
1,whank
1,wcanon
1,wfaria
1,wmader
1,wreser
1,wnida
1,wengelmann
1,wcolorado
1,yfaria
1,ywillingham
1,ypappas
1,ybernabe
1,ypyle
1,ylanger
1,zjudah
1,zklenk
1,aharlow
1,ariddle
1,abartolo
1,amarra
1,abrothers
1,aweisel
1,akroenke
1,ahorsey
1,arye
1,acrooks
1,agipe
1,arudd
1,aramos
1,aweaver
1,aphilippe
1,alimbaugh
1,ablansett
1,briley
1,brasco
1,bhumber
1,bculwell
1,bgeddes
1,bdarsey
1,bmcglothin
1,bdelatorre
1,bfeeney
1,bfeltmann
1,borona
1,bgirard
1,boliver
1,bcasaus
1,bfredericksen
1,bbreen
1,ckeifer
1,cfincham
1,ckemmer
1,cwhitford
1,cdecato
1,corange
1,cfredericksen
1,carnott
1,cmarmo
1,cmcgranahan
1,cbarden
1,cbalis
1,cfortson
1,cree
1,cmerino
1,cblough
1,cschechter
1,cdurkin
1,cconnelly
1,criddle
1,cmorse
1,cstanger
1,cravelo
1,dbellows
1,dtripp
1,dhumber
1,dmorse
1,dwitherington
1,dcarboni
1,dbreen
1,dfolkes
1,dquach
1,dmable
1,dkerr
1,dmalave
1,dbonhomme
1,dhorsey
1,dromanowski
1,dturman
1,dswinney
1,ddenham
1,dfleischmann
1,ehorsey
1,ehodo
1,earena
1,erasco
1,etrantham
1,eletchworth
1,egalyon
1,emullinax
1,eshibata
1,emable
1,emassie
1,earcher
1,efruchter
1,ewillingham
1,emagda
1,efeltmann
1,ecasaus
1,emiddlebrook
1,enolen
1,ebrasil
1,ebrantner
1,eeaker
1,fmagda
1,fsedberry
1,flimbaugh
1,ffarfan
1,fdelatorre
1,fkroenke
1,fturmelle
1,fklenk
1,fconger
1,fromriell
1,gsim
1,gerikson
1,gsuder
1,glaakso
1,gorange
1,gharrop
1,glytle
1,gdewitt
1,gmasuda
1,gisaacs
1,ghelt
1,gahlgren
1,gmilnes
1,gcrooks
1,gmccann
1,gallaire
1,hpartlow
1,hweisel
1,hscheerer
1,hrandolph
1,hbarden
1,hlytle
1,hcasaus
1,hravelo
1,hriddle
1,hletchworth
1,hbrightwell
1,hcarboni
1,hbowen
1,icalbert
1,ijenny
1,iwinburn
1,ihajduk
1,ibrandon
1,icichon
1,itaggert
1,icadieux
1,ifarfan
1,isamons
1,ilytle
1,jeaker
1,jrye
1,jtiemann
1,jkoeppel
1,jcrays
1,jpyle
1,jkisner
1,jleo
1,jfolkes
1,jnelms
1,jdarsey
1,jbrehmer
1,jhajduk
1,jdelatorre
1,jdeininger
1,jotter
1,jlenihan
1,jlandreth
1,jfurlow
1,jellett
1,jmeighan
1,jbourque
1,jlowther
1,jkeifer
1,jmcgarity
1,jmcglothin
1,jcastille
1,ktrepanier
1,kjudah
1,kburell
1,kdisher
1,kslick
1,kbrantner
1,kstallcup
1,keckard
1,kcadieux
1,ktipping
1,kburson
1,ktrantham
1,ksedberry
1,krakow
1,lschmitmeyer
1,lschult
1,lmcgarity
1,lrakow
1,lree
1,lrosebrook
1,lcrooks
1,lmoore
1,lohair
1,ltripp
1,lalldredge
1,ldewitt
1,lzarate
1,ltipping
1,lhajduk
1,lmarcoux
1,lduggins
1,lguilbert
1,lrenard
1,lcastiglione
1,lemmanuel
1,ljett
1,lorona
1,lmarra
1,lantonelli
1,lburell
1,lalbin
1,lates
1,mlowther
1,mmcgarity
1,mweisel
1,mfarfan
1,maugustin
1,mahlgren
1,mjasik
1,mrosebrook
1,mweisman
1,mprill
1,mendsley
1,mkoeppel
1,mmcglothin
1,mbartolo
1,mmerino
1,mweekley
1,mgarrow
1,mhamblin
1,mlamp
1,mriding
1,mleo
1,nfrierson
1,ntolman
1,nnida
1,nellett
1,nrandolph
1,naugustin
1,nree
1,ntwomey
1,nstraus
1,ohocker
1,orunk
1,oarena
1,orakow
1,oohair
1,pemmanuel
1,psamons
1,pbarrette
1,pguilbert
1,plenihan
1,pturmelle
1,pcranmer
1,pmable
1,pculwell
1,pgurney
1,paschenbrenner
1,pmasuda
1,qcoombe
1,qvandemark
1,rshoemake
1,rbrasil
1,rsim
1,rbettis
1,rdouglas
1,rmilnes
1,rschechter
1,rbalis
1,rgrainger
1,rcason
1,rkerr
1,rrakow
1,rcastiglione
1,rcutsforth
1,rwillingham
1,rcasaus
1,rjacobi
1,rburson
1,rmassie
1,sdeitch
1,sschindler
1,sfleischmann
1,smarcoux
1,ssamons
1,sshoemake
1,smalave
1,sdeininger
1,staylor
1,smilnes
1,sleo
1,sotter
1,svendetti
1,skirwin
1,sschmitmeyer
1,sarcher
1,sconnelly
1,sgadbois
1,shaston
1,smagda
1,sbrantner
1,sgirard
1,ttaggert
1,tboose
1,tdewitt
1,tcason
1,tmorse
1,theston
1,terikson
1,triley
1,tweaver
1,tlivesay
1,tsuder
1,tturmelle
1,twinburn
1,tbartolo
1,twhitford
1,treeb
1,tlandreth
1,tgarrow
1,tcasaus
1,tgrainger
1,upenna
1,uhockman
1,visaacs
1,vhodo
1,vhinderliter
1,vragland
1,vstefan
1,vcutsforth
1,veisele
1,vangers
1,whajduk
1,wmarmo
1,whockman
1,wdales
1,whaston
1,wboros
1,wboler
1,wmoore
1,whamblin
1,yengelmann
1,yboose
1,ysummey
1,ymartina
1,yvesely
1,zburtenshaw
1,zmerino
1,amarcoux
1,amasuda
1,aeaker
1,aconger
1,aerikson
1,afincham
1,alafond
1,alytle
1,aengelmann
1,ajasik
1,adeitch
1,adisher
1,akeifer
1,aheston
1,abrehmer
1,aangers
1,acastille
1,aburgard
1,ahagstrom
1,ahajduk
1,akirwin
1,ashoemake
1,azarate
1,alemasters
1,brudd
1,bhorsey
1,bdenham
1,balter
1,bcolorado
1,bheston
1,bbearce
1,bgrainger
1,bschmitmeyer
1,bkeifer
1,bburtenshaw
1,bmcgranahan
1,blafond
1,broff
1,bbernabe
1,bagar
1,chebert
1,cboros
1,chaston
1,cgrainger
1,cgrossi
1,ceckard
1,cagar
1,ctarlton
1,cveitch
1,cconger
1,cahlgren
1,cfeddersen
1,cleight
1,cpapadopoulos
1,cfrierson
1,clepe
1,doster
1,dengelmann
1,dmaggio
1,dmoore
1,ddales
1,dlivesay
1,dcravey
1,deven
1,deisele
1,djett
1,drye
1,dates
1,dmccann
1,dfung
1,dschmitmeyer
1,dletchworth
1,dkushner
1,driddle
1,deaker
1,efines
1,ezarate
1,elafond
1,enelms
1,easselin
1,etrepanier
1,etolman
1,ehank
1,ejilek
1,eeberhard
1,ebrightwell
1,ejerman
1,eyamauchi
1,ehillary
1,eallaire
1,eselman
1,ecalbert
1,eboler
1,efarone
1,fturman
1,ftruehart
1,fhumber
1,fhajduk
1,fellett
1,ftrepanier
1,ffurlow
1,fvanpelt
1,fshibata
1,gotter
1,gburson
1,grathjen
1,grudd
1,ggipe
1,gdegregorio
1,galldredge
1,gblansett
1,gkoeppel
1,gwinburn
1,gemmanuel
1,gburris
1,gsegura
1,hcalbert
1,hlimbaugh
1,hrinke
1,hkisner
1,hdouglas
1,hellett
1,hcartagena
1,hdegregorio
1,hdamm
1,hphilippe
1,hduggins
1,hlafond
1,hburgard
1,ilaakso
1,icrays
1,imiddlebrook
1,irathjen
1,ibowen
1,iarnott
1,imaynard
1,ipappas
1,imartina
1,ilisowski
1,idouglas
1,jkroenke
1,jharlow
1,jschult
1,jlovelady
1,jmarcoux
1,jtrepanier
1,jprill
1,jbonhomme
1,jhadden
1,jhocker
1,jzack
1,jshoemake
1,jvandemark
1,jrakow
1,jhamblin
1,jdamm
1,jfruchter
1,kashurst
1,kallaire
1,ktwomey
1,kmikkelsen
1,khamlet
1,kvendetti
1,keaker
1,kchurchill
1,klock
1,klisowski
1,kpapadopoulos
1,koster
1,lschuelke
1,lselman
1,ldeininger
1,llovelady
1,lletchworth
1,lkroenke
1,larenas
1,lmuirhead
1,ldouglas
1,ljilek
1,lhumber
1,lmathers
1,lculwell
1,lweisman
1,lsuder
1,lbettis
1,llenihan
1,lruddell
1,lmeighan
1,lbarrette
1,mgalyon
1,mrinke
1,mtakahashi
1,mvendetti
1,mhillary
1,mmetayer
1,mcrooks
1,mkroenke
1,mblough
1,mduggins
1,mselman
1,mtramble
1,mvanpelt
1,mmeighan
1,mtrantham
1,mgirard
1,mlisowski
1,mlemasters
1,mtrepanier
1,nbonhomme
1,ntarlton
1,nmalave
1,neven
1,nwinburn
1,nrenard
1,ncartagena
1,ngarrow
1,nroff
1,njudah
1,ntramble
1,oconnelly
1,ohockman
1,odecato
1,ooliver
1,pmuff
1,pramos
1,prosebrook
1,paugustin
1,pveitch
1,pgadbois
1,pwillingham
1,porange
1,pweisel
1,preeb
1,pmoore
1,pshoemake
1,pruddell
1,qpartlow
1,qnorberg
1,rveitch
1,rmasuda
1,rmalave
1,rfredericksen
1,ragar
1,rhensley
1,rlandreth
1,rashurst
1,rcolorado
1,rpyle
1,rnolen
1,rhelt
1,rendsley
1,rfeeney
1,rfeltmann
1,rdales
1,rhaberkorn
1,rschuelke
1,rgarrow
1,rkisner
1,rorange
1,sallaire
1,sbrothers
1,scastiglione
1,soliver
1,ssaulters
1,sbernett
1,sobert
1,svandemark
1,slocker
1,spapadopoulos
1,sromriell
1,srakow
1,slanger
1,sburgard
1,sbarrette
1,sendsley
1,sboose
1,sarena
1,sgarrow
1,svercher
1,tvalencia
1,thodo
1,tbrehmer
1,tmalave
1,tschechter
1,tkerr
1,tpresley
1,trye
1,tates
1,tkeleher
1,toliver
1,trenard
1,tcadieux
1,ugipe
1,uthaler
1,vklenk
1,vlowther
1,vantonelli
1,vbrasil
1,vduffin
1,vdarsey
1,wmartina
1,wtiemann
1,wrunk
1,wrakow
1,wtruehart
1,wselman
1,welston
1,wcrooks
1,wtrepanier
1,yalix
1,ymilnes
1,yturmelle
1,ygipe
1,ysamons
1,ymaynard
1,zmader
1,zlisowski
1,astanger
1,amore
1,aelston
1,abrandon
1,alimones
1,ahensley
1,ariding
1,aguilbert
1,aweisman
1,aselman
1,amarmo
1,amuff
1,amcgranahan
1,amerino
1,adunagan
1,aoliver
1,aeven
1,awoody
1,bbourque
1,bahlgren
1,bfleischmann
1,bwillingham
1,bcrooks
1,bwhitford
1,barenas
1,bfincham
1,bguilbert
1,bgipe
1,bangers
1,bdales
1,blimones
1,cangers
1,cfruchter
1,ckirwin
1,carcher
1,cduggins
1,chodo
1,cmiddlebrook
1,cerikson
1,cbrandon
1,cnail
1,cjanda
1,cheston
1,claakso
1,climbaugh
1,cpartlow
1,csuder
1,cchurchill
1,ceberhard
1,charlow
1,dvercher
1,dwillingham
1,dpappas
1,dalldredge
1,dlock
1,dalix
1,dwhitford
1,dzaldivar
1,dfurlow
1,darenas
1,ddelatorre
1,dgeddes
1,dlemasters
1,dtaylor
1,dpenna
1,elocker
1,egrace
1,eboros
1,eweaver
1,ebellows
1,eosterhout
1,evesely
1,ekoeppel
1,emaggio
1,eoliver
1,ehelt
1,ehaberkorn
1,eobert
1,fmcglothin
1,frye
1,fdarsey
1,fmiddlebrook
1,fdurkin
1,fhebert
1,ffredericksen
1,fgrossi
1,fdenham
1,gmennella
1,gdarsey
1,gbartolo
1,gcravey
1,gdurkin
1,gcanon
1,goster
1,gtaylor
1,gbernett
1,gvandemark
1,gfeder
1,hblough
1,hstraus
1,halldredge
1,hdarsey
1,hprill
1,hzack
1,hhebert
1,hhensley
1,hrye
1,hcadieux
1,ifeddersen
1,iallaire
1,ideininger
1,ikroenke
1,isim
1,imilnes
1,iburell
1,ieckman
1,iisaacs
1,ivalle
1,ijilek
1,iduffin
1,jzaldivar
1,jeifert
1,jbrightwell
1,jdeitch
1,jvaldez
1,jthroop
1,jklenk
1,jaugustin
1,jnolen
1,jtakahashi
1,jpappas
1,jwoody
1,jalter
1,jcason
1,jbowen
1,jlisowski
1,jnail
1,jsedberry
1,jallinder
1,ksuder
1,kcranmer
1,kmarra
1,kroessler
1,kcason
1,kzarate
1,kkoeppel
1,kkisner
1,kfarfan
1,kmalave
1,kree
1,kangers
1,kcolwell
1,ktakahashi
1,llachance
1,lhodo
1,llarabee
1,lschechter
1,lburgard
1,ldarsey
1,lmerino
1,lkerr
1,lbreen
1,lgrossi
1,lburris
1,llevron
1,lmikkelsen
1,lgrainger
1,lhamblin
1,lsamons
1,lturman
1,mswinney
1,mroff
1,mfines
1,mmoore
1,mfeeney
1,mbreen
1,mdurkin
1,mlock
1,mculwell
1,moliver
1,mhockman
1,mnolen
1,mbarrette
1,nflanary
1,ngrainger
1,neberhard
1,nfredericksen
1,nschechter
1,nriddle
1,nwoody
1,nwickman
1,ncrippen
1,nsuder
1,omartina
1,oeberhard
1,otarlton
1,ohaston
1,ostraus
1,posterhout
1,pdenham
1,plachance
1,peifert
1,phebert
1,pnelms
1,prakow
1,pletchworth
1,pkroenke
1,qmcgranahan
1,qvanpelt
1,rpenna
1,rtaylor
1,rthaler
1,rmerino
1,rletchworth
1,rsedberry
1,rriley
1,rcarboni
1,rmarcoux
1,rriddle
1,rtiemann
1,rbernabe
1,rlarabee
1,rnida
1,rkeifer
1,rdamm
1,rdecato
1,rbrehmer
1,rzarate
1,rcadieux
1,sfeltmann
1,sriding
1,shelt
1,sreser
1,sscheerer
1,staggert
1,sfolkes
1,smuirhead
1,sruddell
1,slowther
1,sfung
1,sbalis
1,smccann
1,svaldez
1,sallinder
1,talthaus
1,thajduk
1,triding
1,tnail
1,tappleberry
1,tkohls
1,twillingham
1,tkushner
1,tdeininger
1,tyamauchi
1,teisele
1,thamblin
1,talldredge
1,tfurlow
1,uburris
1,ualix
1,vdenham
1,vjerman
1,vhadden
1,vfeddersen
1,vzaldivar
1,vemmanuel
1,vmarra
1,vleight
1,warena
1,wsaulters
1,wlisowski
1,wyamauchi
1,wellett
1,wnorberg
1,whagstrom
1,ymennella
1,yfleischmann
1,ykerr
1,ydarsey
1,yfrierson
1,ylewellen
1,zmassie
1,ztakahashi
1,asedberry
1,acartagena
1,agalyon
1,acason
1,aallaire
1,adamm
1,aagar
1,avalle
1,aburtenshaw
1,amikkelsen
1,arandolph
1,akohls
1,bashurst
1,bbarden
1,bwitherington
1,bswinney
1,bemmanuel
1,bbellows
1,bhensley
1,bfurlow
1,bkoeppel
1,bsaulters
1,blepe
1,bschult
1,czarate
1,ctiemann
1,chellman
1,czaldivar
1,creeb
1,cbrothers
1,chockman
1,cmullinax
1,cflanary
1,ccarboni
1,cdunagan
1,cboose
1,cgadbois
1,ceifert
1,cturman
1,clevron
1,caugustin
1,ccalbert
1,dhinderliter
1,driley
1,dbrehmer
1,dgrossi
1,dnolen
1,dhagstrom
1,dcolorado
1,dasselin
1,dtruehart
1,dgirard
1,dmeighan
1,dromriell
1,dwinburn
1,daschenbrenner
1,ddurkin
1,estallcup
1,ejudah
1,eeven
1,egirard
1,ecolwell
1,emader
1,eburgard
1,eromriell
1,eharlow
1,eashurst
1,egeddes
1,emuirhead
1,ebonhomme
1,eates
1,elytle
1,eorona
1,eemmanuel
1,erakow
1,fsegura
1,flisowski
1,fcalbert
1,fdewitt
1,fcranmer
1,fangers
1,farnott
1,frasco
1,fbrightwell
1,fchurchill
1,feckard
1,gmader
1,gburell
1,gvercher
1,gmartina
1,grosebrook
1,gnorberg
1,geberhard
1,griddle
1,grinke
1,gdunagan
1,gmerino
1,hfredericksen
1,hfeeney
1,hhamblin
1,hhaberkorn
1,hmathers
1,haugustin
1,hgrace
1,hvalle
1,hhaston
1,isuder
1,ilachance
1,ifung
1,iturmelle
1,igirard
1,idarsey
1,ihocker
1,ieifert
1,ikincheloe
1,jashurst
1,jturman
1,jalbin
1,jhamlet
1,jalldredge
1,jeckman
1,jrunk
1,jantonelli
1,jsamayoa
1,jscheerer
1,jlieber
1,jfeddersen
1,jlimbaugh
1,jconnelly
1,jelston
1,jobert
1,jhinderliter
1,jvendetti
1,jangers
1,jhoyte
1,jtrantham
1,jemmanuel
1,khocker
1,korona
1,kriddle
1,kdecato
1,kkohls
1,kbrothers
1,kcarboni
1,kmartina
1,kragland
1,kvesely
1,kwickman
1,koliver
1,kschechter
1,kcravey
1,lhagstrom
1,lfrierson
1,lshoemake
1,lkemmer
1,leberhard
1,lbarden
1,lpapadopoulos
1,lalter
1,ltaggert
1,lmassie
1,lravelo
1,lstraus
1,lbernett
1,lriddle
1,lcranmer
1,mstallcup
1,mshibata
1,mburson
1,mallaire
1,mfredericksen
1,mfrierson
1,mdamm
1,mfurlow
1,mtolman
1,mguilbert
1,mboose
1,meven
1,mrandolph
1,nbernett
1,ndelatorre
1,nvesely
1,ngirard
1,nswinney
1,nreser
1,nhocker
1,nlieber
1,nhumber
1,ogadbois
1,oboose
1,oromanowski
1,okisner
1,pfeeney
1,pwoody
1,peckard
1,phagstrom
1,pmagda
1,phelt
1,perikson
1,pstraus
1,peven
1,qsamons
1,rkemmer
1,rcalbert
1,remmanuel
1,rmagda
1,rmcglothin
1,rmuirhead
1,rromriell
1,rchurchill
1,rfortson
1,rmable
1,rculwell
1,rkirwin
1,rweaver
1,rmader
1,rfeddersen
1,rhadden
1,sboros
1,selston
1,sgalyon
1,salix
1,scadieux
1,smoore
1,sdamm
1,sfines
1,swhitford
1,snolen
1,szack
1,sfarfan
1,sbrightwell
1,tlevron
1,talter
1,tmaggio
1,telston
1,tprill
1,tisaacs
1,tcanon
1,tklenk
1,tmader
1,trinke
1,tlamp
1,tbernett
1,tkirwin
1,tlenihan
1,uheston
1,ufredericksen
1,vgirard
1,vslick
1,vheston
1,vcadieux
1,vjett
1,vdurkin
1,veifert
1,vwillingham
1,vbarden
1,weaker
1,wwoody
1,wcoombe
1,wcrays
1,wappleberry
1,wmaggio
1,wmetayer
1,wrinke
1,washurst
1,ycadieux
1,ymcgranahan
1,ychristian
1,ycalbert
1,yconnelly
1,yvandemark
1,zweekley
1,zslick
